1|asif_hasan|Asif Hasan|asif.hasan@example.bd
2|farhana_rahman|Farhana Rahman|farhana.rahman@example.bd
3|tamim_khan|Tamim Khan|tamim.khan@example.bd
4|maliha_akter|Maliha Akter|maliha.akter@example.bd
5|sajid_ahmed|Sajid Ahmed|sajid.ahmed@example.bd
6|sharmeen_nahar|Sharmeen Nahar|sharmeen.nahar@example.bd
7|nabil_hossain|Nabil Hossain|nabil.hossain@example.bd
8|proma_islam|Proma Islam|proma.islam@example.bd
9|raihan_karim|Raihan Karim|raihan.karim@example.bd
10|tashfia_haque|Tashfia Haque|tashfia.haque@example.bd
11|rubel_chowdhury|Rubel Chowdhury|rubel.chowdhury@mail.bd
12|anika_sultana|Anika Sultana|anika.sultana@mail.bd
13|maruf_reza|Maruf Reza|maruf.reza@mail.bd
14|nishat_jahan|Nishat Jahan|nishat.jahan@mail.bd
15|imran_sobhan|Imran Sobhan|imran.sobhan@mail.bd
16|ayesha_mannan|Ayesha Mannan|ayesha.mannan@mail.bd
17|zubair_sadik|Zubair Sadik|zubair.sadik@mail.bd
18|mahee_ferdous|Mahee Ferdous|mahee.ferdous@mail.bd
19|arif_billah|Arif Billah|arif.billah@mail.bd
20|lamia_tasnim|Lamia Tasnim|lamia.tasnim@mail.bd
21|shafik_murshed|Shafik Murshed|shafik.murshed@library.bd
22|pihu_kamal|Pihu Kamal|pihu.kamal@library.bd
23|tahmid_rashid|Tahmid Rashid|tahmid.rashid@library.bd
24|mehnaz_samiha|Mehnaz Samiha|mehnaz.samiha@library.bd
25|siam_mahmud|Siam Mahmud|siam.mahmud@library.bd
26|rafi_sarwar|Rafi Sarwar|rafi.sarwar@library.bd
27|tania_parvin|Tania Parvin|tania.parvin@library.bd
28|amitav_barua|Amitav Barua|amitav.barua@library.bd
29|prithwi_das|Prithwi Das|prithwi.das@library.bd
30|miraj_huq|Miraj Huq|miraj.huq@library.bd
31|sanjida_afrin|Sanjida Afrin|sanjida.afrin@inbox.bd
32|shakib_nawaz|Shakib Nawaz|shakib.nawaz@inbox.bd
33|niloy_farooqi|Niloy Farooqi|niloy.farooqi@inbox.bd
34|nafisa_tabassum|Nafisa Tabassum|nafisa.tabassum@inbox.bd
35|javed_nur|Javed Nur|javed.nur@inbox.bd
36|sultana_nigar|Sultana Nigar|sultana.nigar@inbox.bd
37|sakib_sanyal|Sakib Sanyal|sakib.sanyal@inbox.bd
38|priya_basu|Priya Basu|priya.basu@inbox.bd
39|minhaz_rahim|Minhaz Rahim|minhaz.rahim@inbox.bd
40|moumita_sheikh|Moumita Sheikh|moumita.sheikh@inbox.bd
41|biplob_hira|Biplob Hira|biplob.hira@post.bd
42|humaira_ahmed|Humaira Ahmed|humaira.ahmed@post.bd
43|ridwan_tarik|Ridwan Tarik|ridwan.tarik@post.bd
44|roksana_begum|Roksana Begum|roksana.begum@post.bd
45|kamrul_liton|Kamrul Liton|kamrul.liton@post.bd
46|monira_kabir|Monira Kabir|monira.kabir@post.bd
47|mehedi_riyad|Mehedi Riyad|mehedi.riyad@post.bd
48|sumaya_faiza|Sumaya Faiza|sumaya.faiza@post.bd
49|arman_sany|Arman Sany|arman.sany@post.bd
50|rafa_nureen|Rafa Nureen|rafa.nureen@post.bd
51|korimuddin_ali|Korimuddin Ali|korimuddin.ali@bdmail.net
52|munni_sadia|Munni Sadia|munni.sadia@bdmail.net
53|parvez_siam|Parvez Siam|parvez.siam@bdmail.net
54|shamima_mitu|Shamima Mitu|shamima.mitu@bdmail.net
55|faisal_iftakhar|Faisal Iftakhar|faisal.iftakhar@bdmail.net
56|taslima_rumi|Taslima Rumi|taslima.rumi@bdmail.net
57|rashidul_karar|Rashidul Karar|rashidul.karar@bdmail.net
58|mim_ahona|Mim Ahona|mim.ahona@bdmail.net
59|jamil_habib|Jamil Habib|jamil.habib@bdmail.net
60|sayeda_nadia|Sayeda Nadia|sayeda.nadia@bdmail.net
61|roni_rahman|Roni Rahman|roni.rahman@courier.bd
62|lubna_aziz|Lubna Aziz|lubna.aziz@courier.bd
63|sadman_kabir|Sadman Kabir|sadman.kabir@courier.bd
64|zahra_morshed|Zahra Morshed|zahra.morshed@courier.bd
65|rakibul_hasan|Rakibul Hasan|rakibul.hasan@courier.bd
66|tuli_akter|Tuli Akter|tuli.akter@courier.bd
67|rauf_mahmud|Rauf Mahmud|rauf.mahmud@courier.bd
68|aziza_sweety|Aziza Sweety|aziza.sweety@courier.bd
69|shahid_mirza|Shahid Mirza|shahid.mirza@courier.bd
70|maisha_hamid|Maisha Hamid|maisha.hamid@courier.bd
71|saifuddin_omar|Saifuddin Omar|saifuddin.omar@connect.bd
72|dipa_purba|Dipa Purba|dipa.purba@connect.bd
73|aminul_islam|Aminul Islam|aminul.islam@connect.bd
74|nosheen_fariha|Nosheen Fariha|nosheen.fariha@connect.bd
75|mazharul_kabir|Mazharul Kabir|mazharul.kabir@connect.bd
76|ayrin_mahjabin|Ayrin Mahjabin|ayrin.mahjabin@connect.bd
77|partho_bakshi|Partho Bakshi|partho.bakshi@connect.bd
78|lima_nazneen|Lima Nazneen|lima.nazneen@connect.bd
79|tanim_asad|Tanim Asad|tanim.asad@connect.bd
80|mursalin_arif|Mursalin Arif|mursalin.arif@connect.bd
81|nurjahan_bela|Nurjahan Bela|nurjahan.bela@reader.bd
82|shuvo_polash|Shuvo Polash|shuvo.polash@reader.bd
83|shaila_huda|Shaila Huda|shaila.huda@reader.bd
84|topu_rasel|Topu Rasel|topu.rasel@reader.bd
85|sadia_farihin|Sadia Farihin|sadia.farihin@reader.bd
86|ibrahim_morsalin|Ibrahim Morsalin|ibrahim.morsalin@reader.bd
87|shathi_anonna|Shathi Anonna|shathi.anonna@reader.bd
88|ashfaq_jawed|Ashfaq Jawed|ashfaq.jawed@reader.bd
89|masha_nurani|Masha Nurani|masha.nurani@reader.bd
90|rakhi_binte|Rakhi Binte|rakhi.binte@reader.bd
91|arup_roy|Arup Roy|arup.roy@panel.bd
92|elita_khanom|Elita Khanom|elita.khanom@panel.bd
93|pranto_nazim|Pranto Nazim|pranto.nazim@panel.bd
94|labiba_tarin|Labiba Tarin|labiba.tarin@panel.bd
95|emran_owali|Emran Owali|emran.owali@panel.bd
96|orna_khondokar|Orna Khondokar|orna.khondokar@panel.bd
97|jubayer_sadik|Jubayer Sadik|jubayer.sadik@panel.bd
98|merajul_islam|Merajul Islam|merajul.islam@panel.bd
99|trina_sharmeen|Trina Sharmeen|trina.sharmeen@panel.bd
100|sazu_mahmuda|Sazu Mahmuda|sazu.mahmuda@panel.bd